id,title,genre,original_language,overview,popularity,release_date,vote_average,vote_count
278,The Shawshank Redemption,"Drama,Crime",en,"Framed in the 1940s for the double murder of his wife and her lover, upstanding banker Andy Dufresne begins a new life at the Shawshank prison, where he puts his accounting skills to work for an amoral warden. During his long stretch in prison, Dufresne comes to be admired by the other inmates -- including an older prisoner named Red -- for his integrity and unquenchable sense of hope.",94.075,1994-09-23,8.7,21862
424,Schindler's List,"Drama,History,War",en,The true story of how businessman Oskar Schindler saved over a thousand Jewish lives from the Nazis while they worked as slaves in his factory during World War II.,44.761,1993-12-15,8.6,12959
696374,Gabriel's Inferno,Romance,en,"An intriguing and sinful exploration of seduction, forbidden love, and redemption, Gabriel's Inferno is a captivating and wildly passionate tale of one man's escape from his own personal hell as he tries to earn the impossible--forgiveness and love.",12.674,2020-05-29,8.5,2262
497,The Green Mile,"Fantasy,Drama,Crime",en,"A supernatural tale set on death row in a Southern prison, where gentle giant John Coffey possesses the mysterious power to heal people's ailments. When the cell block's head guard, Paul Edgecomb, recognizes Coffey's miraculous gift, he tries desperately to help stave off the condemned man's execution.",69.118,1999-12-10,8.5,14162
724089,Gabriel's Inferno: Part II,Romance,en,"Professor Gabriel Emerson finally learns the truth about Julia Mitchell's identity, but his realization comes a moment too late. Julia is done waiting for the well-respected Dante specialist to remember her and wants nothing more to do with him. Can Gabriel win back her heart before she finds love in another's arms?",14.924,2020-07-31,8.5,1420
155,The Dark Knight,"Drama,Action,Crime,Thriller",en,"Batman raises the stakes in his war on crime. With the help of Lt. Jim Gordon and District Attorney Harvey Dent, Batman sets out to dismantle the remaining criminal organizations that plague the streets. The partnership proves to be effective, but they soon find themselves prey to a reign of chaos unleashed by a rising criminal mastermind known to the terrified citizens of Gotham as the Joker.",82.23,2008-07-14,8.5,27925
680,Pulp Fiction,"Thriller,Crime",en,"A burger-loving hit man, his philosophical partner, a drug-addled gangster's moll and a washed-up boxer converge in this sprawling, comedic crime caper. Their adventures unfurl in three stories that ingeniously trip back and forth in time.",67.224,1994-09-10,8.5,23481
122,The Lord of the Rings: The Return of the King,"Adventure,Fantasy,Action",en,"Aragorn is revealed as the heir to the ancient kings as he, Gandalf and the other members of the broken fellowship struggle to save Gondor from Sauron's forces. Meanwhile, Frodo and Sam take the ring closer to the heart of Mordor, the dark lord's realm.",134.707,2003-12-01,8.5,19844
13,Forrest Gump,"Comedy,Drama,Romance",en,"A man with a low IQ has accomplished great things in his life and been present during significant historic events—in each case, far exceeding what anyone imagined he could do. But despite all he has achieved, his one true love eludes him.",65.175,1994-06-23,8.5,23009
769,GoodFellas,"Drama,Crime",en,"The true story of Henry Hill, a half-Irish, half-Sicilian Brooklyn kid who is adopted by neighbourhood gangsters at an early age and climbs the ranks of a Mafia family under the guidance of Jimmy Conway.",50.387,1990-09-12,8.5,10294
550,Fight Club,Drama,en,"A ticking-time-bomb insomniac and a slippery soap salesman channel primal male aggression into a shocking new form of therapy. Their concept catches on, with underground ""fight clubs"" forming in every town, until an eccentric gets in the way and ignites an out-of-control spiral toward oblivion.",58.676,1999-10-15,8.4,24441
324857,Spider-Man: Into the Spider-Verse,"Action,Adventure,Animation,Science Fiction",en,"Miles Morales is juggling his life between being a high school student and being a spider-man. When Wilson ""Kingpin"" Fisk uses a super collider, others from across the Spider-Verse are transported to this dimension.",118.785,2018-12-06,8.4,11529
120,The Lord of the Rings: The Fellowship of the Ring,"Adventure,Fantasy,Action",en,"Young hobbit Frodo Baggins, after inheriting a mysterious ring from his uncle Bilbo, must leave his home in order to keep it from falling into the hands of its evil creator. Along the way, a fellowship is formed to protect the ringbearer and make sure that the ring arrives at its final destination: Mt. Doom, the only place where it can be destroyed.",168.448,2001-12-18,8.4,21207
423,The Pianist,"Drama,War",en,"The true story of pianist Władysław Szpilman's experiences in Warsaw during the Nazi occupation. When the Jews of the city find themselves forced into a ghetto, Szpilman finds work playing in a café; and when his family is deported in 1942, he stays behind, works for a while as a laborer, and eventually goes into hiding in the ruins of the war-torn city.",40.571,2002-09-17,8.4,7374
157336,Interstellar,"Adventure,Drama,Science Fiction",en,The adventures of a group of explorers who make use of a newly discovered wormhole to surpass the limitations on human space travel and conquer the vast distances involved in an interstellar voyage.,191.22,2014-11-05,8.4,28920
244786,Whiplash,"Drama,Music",en,"Under the direction of a ruthless instructor, a talented young drummer begins to pursue perfection at any cost, even his humanity.",57.858,2014-10-10,8.4,12371
121,The Lord of the Rings: The Two Towers,"Adventure,Fantasy,Action",en,"Frodo and Sam are trekking to Mordor to destroy the One Ring of Power while Gimli, Legolas and Aragorn search for the orc-captured Merry and Pippin. All along, nefarious wizard Saruman awaits the Fellowship members at the Orthanc Tower in Isengard.",162.716,2002-12-18,8.4,18370
73,American History X,Drama,en,"Derek Vineyard is paroled after serving 3 years in prison for killing two African-American men. Through his brother, Danny Vineyard's narration, we learn that before going to prison, Derek was a skinhead and the leader of a violent white supremacist gang that committed acts of racial crime throughout L.A. and his actions greatly influenced Danny. Reformed and fresh out of prison, Derek severs contact with the gang and becomes determined to keep Danny from going down the same violent path as he did.",32.756,1998-07-01,8.4,9700
27205,Inception,"Action,Science Fiction,Adventure",en,"Cobb, a skilled thief who commits corporate espionage by infiltrating the subconscious of his targets is offered a chance to regain his old life as payment for a task considered to be impossible: ""inception"", the implantation of another person's idea into a target's subconscious.",111.757,2010-07-15,8.4,31917
807,Se7en,"Crime,Mystery,Thriller",en,"Two homicide detectives are on a desperate hunt for a serial killer whose crimes are based on the ""seven deadly sins"" in this dark and haunting film that takes viewers from the tortured remains of one victim to the next. The seasoned Det. Sommerset researches each sin in an effort to get inside the killer's mind, while his novice partner, Mills, scoffs at his efforts to unravel the case.",47.045,1995-09-22,8.4,17351
361743,Top Gun: Maverick,"Action,Drama",en,"After more than thirty years of service as one of the Navy’s top aviators, and dodging the advancement in rank that would ground him, Pete “Maverick” Mitchell finds himself training a detachment of TOP GUN graduates for a specialized mission the likes of which no living pilot has ever seen.",7567.017,2022-05-24,8.4,1690
274,The Silence of the Lambs,"Crime,Drama,Thriller",en,"Clarice Starling is a top student at the FBI's training academy. Jack Crawford wants Clarice to interview Dr. Hannibal Lecter, a brilliant psychiatrist who is also a violent psychopath, serving life behind bars for various acts of murder and cannibalism. Crawford believes that Lecter may have insight into a case and that Starling, as an attractive young woman, may be just the bait to draw him out.",11.372,1991-02-01,8.3,13478
527641,Five Feet Apart,"Romance,Drama",en,"Seventeen-year-old Stella spends most of her time in the hospital as a cystic fibrosis patient. Her life is full of routines, boundaries and self-control — all of which get put to the test when she meets Will, an impossibly charming teen who has the same illness. There's an instant flirtation, though restrictions dictate that they must maintain a safe distance between them. As their connection intensifies, so does the temptation to throw the rules out the window and embrace that attraction.",98.531,2019-03-14,8.3,4819
101,Léon: The Professional,"Crime,Drama,Action",en,"Léon, the top hit man in New York, has earned a rep as an effective ""cleaner"". But when his next-door neighbors are wiped out by a loose-cannon DEA agent, he becomes the unwilling custodian of 12-year-old Mathilda. Before long, Mathilda's thoughts turn to revenge, and she considers following in Léon's footsteps.",55.424,1994-09-14,8.3,12278
618344,Justice League Dark: Apokolips War,"Animation,Action,Adventure,Fantasy,Science Fiction",en,"Earth is decimated after intergalactic tyrant Darkseid has devastated the Justice League in a poorly executed war by the DC Super Heroes. Now the remaining bastions of good – the Justice League, Teen Titans, Suicide Squad and assorted others – must regroup, strategize and take the war to Darkseid in order to save the planet and its surviving inhabitants.",41.778,2020-05-05,8.3,1189
447362,Life in a Year,"Drama,Romance",en,"A 17 year old finds out that his girlfriend is dying, so he sets out to give her an entire life, in the last year she has left.",114.889,2020-11-27,8.3,1105
299534,Avengers: Endgame,"Adventure,Science Fiction,Action",en,"After the devastating events of Avengers: Infinity War, the universe is in ruins due to the efforts of the Mad Titan, Thanos. With the help of remaining allies, the Avengers must assemble once more in order to undo Thanos' actions and restore order to the universe once and for all, no matter what consequences may be in store.",284.068,2019-04-24,8.3,21448
522924,The Art of Racing in the Rain,"Comedy,Drama,Romance",en,"A family dog - with a near-human soul and a philosopher's mind - evaluates his life through the lessons learned by his human owner, a race-car driver.",19.229,2019-08-08,8.3,1082
791373,Zack Snyder's Justice League,"Action,Adventure,Fantasy,Science Fiction",en,"Determined to ensure Superman's ultimate sacrifice was not in vain, Bruce Wayne aligns forces with Diana Prince with plans to recruit a team of metahumans to protect the world from an approaching threat of catastrophic proportions.",325.801,2021-03-18,8.3,7943
508965,Klaus,"Animation,Family,Adventure,Comedy,Fantasy",en,"When Jesper distinguishes himself as the Postal Academy's worst student, he is sent to Smeerensburg, a small village located on an icy island above the Arctic Circle, where grumpy inhabitants barely exchange words, let alone letters. Jesper is about to give up and abandon his duty as a postman when he meets local teacher Alva and Klaus, a mysterious carpenter who lives alone in a cabin full of handmade toys.",20.474,2019-11-08,8.3,2986
299536,Avengers: Infinity War,"Adventure,Action,Science Fiction",en,"As the Avengers and their allies have continued to protect the world from threats too large for any one hero to handle, a new danger has emerged from the cosmic shadows: Thanos. A despot of intergalactic infamy, his goal is to collect all six Infinity Stones, artifacts of unimaginable power, and use them to inflict his twisted will on all of reality. Everything the Avengers have fought for has led up to this moment - the fate of Earth and existence itself has never been more uncertain.",475.535,2018-04-25,8.3,25020
545611,Everything Everywhere All at Once,"Action,Adventure,Science Fiction",en,"An aging Chinese immigrant is swept up in an insane adventure, where she alone can save what's important to her by connecting with the lives she could have led in other universes.",309.567,2022-03-24,8.3,1059
8587,The Lion King,"Family,Animation,Drama",en,"A young lion prince is cast out of his pride by his cruel uncle, who claims he killed his father. While the uncle rules with an iron paw, the prince grows up beyond the Savannah, living by a philosophy: No worries for the rest of your days. But when his past comes to haunt him, the young prince must decide his fate: Will he remain an outcast or face his demons and become what he needs to be?",204.155,1994-06-23,8.3,15531
490132,Green Book,"Drama,Comedy",en,"Tony Lip, a bouncer in 1962, is hired to drive pianist Don Shirley on a tour through the Deep South in the days when African Americans, forced to find alternate accommodations and services due to segregation laws below the Mason-Dixon Line, relied on a guide called The Negro Motorist Green Book.",31.501,2018-11-16,8.2,9214
664767,Mortal Kombat Legends: Scorpion's Revenge,"Animation,Action,Fantasy",en,"After the vicious slaughter of his family by stone-cold mercenary Sub-Zero, Hanzo Hasashi is exiled to the torturous Netherrealm. There, in exchange for his servitude to the sinister Quan Chi, he’s given a chance to avenge his family – and is resurrected as Scorpion, a lost soul bent on revenge. Back on Earthrealm, Lord Raiden gathers a team of elite warriors – Shaolin monk Liu Kang, Special Forces officer Sonya Blade and action star Johnny Cage – an unlikely band of heroes with one chance to save humanity. To do this, they must defeat Shang Tsung’s horde of Outworld gladiators and reign over the Mortal Kombat tournament.",38.476,2020-04-12,8.2,1114
354912,Coco,"Family,Animation,Fantasy,Music,Comedy,Adventure",en,"Despite his family’s baffling generations-old ban on music, Miguel dreams of becoming an accomplished musician like his idol, Ernesto de la Cruz. Desperate to prove his talent, Miguel finds himself in the stunning and colorful Land of the Dead following a mysterious chain of events. Along the way, he meets charming trickster Hector, and together, they set off on an extraordinary journey to unlock the real story behind Miguel's family history.",208.302,2017-10-27,8.2,15918
470044,The Hate U Give,"Crime,Drama",en,"Raised in a poverty-stricken slum, a 16-year-old girl named Starr now attends a suburban prep school. After she witnesses a police officer shoot her unarmed best friend, she's torn between her two very different worlds as she tries to speak her truth.",21.983,2018-10-19,8.2,1794
16869,Inglourious Basterds,"Drama,Action,Thriller,War",en,"In Nazi-occupied France during World War II, a group of Jewish-American soldiers known as ""The Basterds"" are chosen specifically to spread fear throughout the Third Reich by scalping and brutally killing Nazis. The Basterds, lead by Lt. Aldo Raine soon cross paths with a French-Jewish teenage girl who runs a movie theater in Paris which is targeted by the soldiers.",86.404,2009-08-19,8.2,18951
398818,Call Me by Your Name,"Romance,Drama",en,"In 1980s Italy, a relationship begins between seventeen-year-old teenage Elio and the older adult man hired as his father's research assistant.",101.605,2017-09-01,8.2,10372
629,The Usual Suspects,"Drama,Crime,Thriller",en,"Held in an L.A. interrogation room, Verbal Kint attempts to convince the feds that a mythic crime lord, Keyser Soze, not only exists, but was also responsible for drawing him and his four partners into a multi-million dollar heist that ended with an explosion in San Pedro harbor – leaving few survivors. Verbal lures his interrogators with an incredible story of the crime lord's almost supernatural prowess.",20.782,1995-07-19,8.2,8707
98,Gladiator,"Action,Drama,Adventure",en,"In the year 180, the death of emperor Marcus Aurelius throws the Roman Empire into chaos.  Maximus is one of the Roman army's most capable and trusted generals and a key advisor to the emperor.  As Marcus' devious son Commodus ascends to the throne, Maximus is set to be executed.  He escapes, but is captured by slave traders.  Renamed Spaniard and forced to become a gladiator, Maximus must battle to the death with other men for the amusement of paying audiences.",52.683,2000-05-04,8.2,15356
399106,Piper,"Family,Animation",en,"A mother bird tries to teach her little one how to find food by herself. In the process, she encounters a traumatic experience that she must overcome in order to survive.",7.741,2016-06-16,8.2,1373
1124,The Prestige,"Drama,Mystery,Science Fiction",en,"A mysterious story of two magicians whose intense rivalry leads them on a life-long battle for supremacy -- full of obsession, deceit and jealousy with dangerous and deadly consequences.",32.168,2006-10-19,8.2,13217
857,Saving Private Ryan,"Drama,History,War",en,"As U.S. troops storm the beaches of Normandy, three brothers lie dead on the battlefield, with a fourth trapped behind enemy lines. Ranger captain John Miller and seven men are tasked with penetrating German-held territory and bringing the boy home.",59.809,1998-07-24,8.2,13233
77,Memento,"Mystery,Thriller",en,"Leonard Shelby is tracking down the man who raped and murdered his wife. The difficulty of locating his wife's killer, however, is compounded by the fact that he suffers from a rare, untreatable form of short-term memory loss. Although he can recall details of life before his accident, Leonard cannot remember what happened fifteen minutes ago, where he's going, or why.",26.409,2000-10-11,8.2,12433
11324,Shutter Island,"Drama,Thriller,Mystery",en,"World War II soldier-turned-U.S. Marshal Teddy Daniels investigates the disappearance of a patient from a hospital for the criminally insane, but his efforts are compromised by his troubling visions and also by a mysterious doctor.",367.116,2010-02-14,8.2,20171
603,The Matrix,"Action,Science Fiction",en,"Set in the 22nd century, The Matrix tells the story of a computer hacker who joins a group of underground insurgents fighting the vast and powerful computers who now rule the earth.",62.628,1999-03-30,8.2,21819
50014,The Help,Drama,en,"Aibileen Clark is a middle-aged African-American maid who has spent her life raising white children and has recently lost her only son; Minny Jackson is an African-American maid who has often offended her employers despite her family's struggles with money and her desperate need for jobs; and Eugenia ""Skeeter"" Phelan is a young white woman who has recently moved back home after graduating college to find out her childhood maid has mysteriously disappeared. These three stories intertwine to explain how life in Jackson, Mississippi revolves around ""the help""; yet they are always kept at a certain distance because of racial lines.",325.877,2011-08-09,8.2,6522
324786,Hacksaw Ridge,"Drama,History,War",en,"WWII American Army Medic Desmond T. Doss, who served during the Battle of Okinawa, refuses to kill people and becomes the first Conscientious Objector in American history to receive the Congressional Medal of Honor.",301.538,2016-10-07,8.2,11167
508442,Soul,"Animation,Family,Comedy,Fantasy,Drama",en,"Joe Gardner is a middle school teacher with a love for jazz music. After a successful audition at the Half Note Club, he suddenly gets into an accident that separates his soul from his body and is transported to the You Seminar, a center in which souls develop and gain passions before being transported to a newborn child. Joe must enlist help from the other souls-in-training, like 22, a soul who has spent eons in the You Seminar, in order to get back to Earth.",175.175,2020-12-25,8.2,8211
406997,Wonder,"Drama,Family",en,"The story of August Pullman – a boy with facial differences – who enters fifth grade, attending a mainstream elementary school for the first time.",48.155,2017-11-13,8.2,6919
475557,Joker,"Crime,Thriller,Drama",en,"During the 1980s, a failed stand-up comedian is driven insane and turns to a life of crime and chaos in Gotham City while becoming an infamous psychopathic crime figure.",130.728,2019-10-01,8.2,20921
600354,The Father,Drama,en,"A man refuses all assistance from his daughter as he ages and, as he tries to make sense of his changing circumstances, he begins to doubt his loved ones, his own mind and even the fabric of his reality.",22.528,2020-12-23,8.2,2190
1422,The Departed,"Drama,Thriller,Crime",en,"To take down South Boston's Irish Mafia, the police send in one of their own to infiltrate the underworld, not realizing the syndicate has done likewise. While an undercover cop curries favor with the mob kingpin, a career criminal rises through the police ranks. But both sides soon discover there's a mole among them.",31.039,2006-10-04,8.2,12551
100,"Lock, Stock and Two Smoking Barrels","Comedy,Crime",en,A card shark and his unwillingly-enlisted friends need to make a lot of cash quick after losing a sketchy poker match. To do this they decide to pull a heist on a small-time gang who happen to be operating out of the flat next door.,10.191,1998-08-28,8.2,5488
606856,Togo,"Adventure,Family",en,"The untold true story set in the winter of 1925 that takes you across the treacherous terrain of the Alaskan tundra for an exhilarating and uplifting adventure that will test the strength, courage and determination of one man, Leonhard Seppala, and his lead sled dog, Togo.",140.122,2019-12-20,8.2,1506
615457,Nobody,"Action,Crime,Thriller",en,"Hutch Mansell, a suburban dad, overlooked husband, nothing neighbor — a ""nobody."" When two thieves break into his home one night, Hutch's unknown long-simmering rage is ignited and propels him on a brutal path that will uncover dark secrets he fought to leave behind.",181.22,2021-03-18,8.1,4816
500,Reservoir Dogs,"Crime,Thriller",en,"A botched robbery indicates a police informant, and the pressure mounts in the aftermath at a warehouse. Crime begets violence as the survivors -- veteran Mr. White, newcomer Mr. Orange, psychopathic parolee Mr. Blonde, bickering weasel Mr. Pink and Nice Guy Eddie -- unravel.",26.577,1992-09-02,8.1,12060
68718,Django Unchained,"Drama,Western",en,"With the help of a German bounty hunter, a freed slave sets out to rescue his wife from a brutal Mississippi plantation owner.",66.924,2012-12-25,8.2,22784
337404,Cruella,"Comedy,Crime",en,"In 1970s London amidst the punk rock revolution, a young grifter named Estella is determined to make a name for herself with her designs. She befriends a pair of young thieves who appreciate her appetite for mischief, and together they are able to build a life for themselves on the London streets. One day, Estella’s flair for fashion catches the eye of the Baroness von Hellman, a fashion legend who is devastatingly chic and terrifyingly haute. But their relationship sets in motion a course of events and revelations that will cause Estella to embrace her wicked side and become the raucous, fashionable and revenge-bent Cruella.",309.589,2021-05-26,8.1,7282
489,Good Will Hunting,Drama,en,"Will Hunting has a genius-level IQ but chooses to work as a janitor at MIT. When he solves a difficult graduate-level math problem, his talents are discovered by Professor Gerald Lambeau, who decides to help the misguided youth reach his potential. When Will is arrested for attacking a police officer, Professor Lambeau makes a deal to get leniency for him if he will get treatment from therapist Sean Maguire.",75.319,1997-12-05,8.1,9793
12445,Harry Potter and the Deathly Hallows: Part 2,"Fantasy,Adventure",en,"Harry, Ron and Hermione continue their quest to vanquish the evil Voldemort once and for all. Just as things begin to look hopeless for the young wizards, Harry discovers a trio of magical objects that endow him with powers to rival Voldemort's formidable skills.",290.891,2011-07-07,8.1,17487
37165,The Truman Show,"Comedy,Drama",en,"Truman Burbank is the star of The Truman Show, a 24-hour-a-day reality TV show that broadcasts every aspect of his life without his knowledge. His entire life has been an unending soap opera for consumption by the rest of the world. And everyone he knows, including his wife and his best friend is really an actor, paid to be part of his life.",45.536,1998-06-04,8.1,14986
7345,There Will Be Blood,Drama,en,"Ruthless silver miner, turned oil prospector, Daniel Plainview, moves to oil-rich California. Using his son to project a trustworthy, family-man image, Plainview cons local landowners into selling him their valuable properties for a pittance. However, local preacher Eli Sunday suspects Plainview's motives and intentions, starting a slow-burning feud that threatens both their lives.",19.484,2007-12-26,8.1,5220
38,Eternal Sunshine of the Spotless Mind,"Science Fiction,Drama,Romance",en,"Joel Barish, heartbroken that his girlfriend underwent a procedure to erase him from her memory, decides to do the same. However, as he watches his memories of her fade away, he realises that he still loves her, and may be too late to correct his mistake.",31.087,2004-03-19,8.1,12443
359940,"Three Billboards Outside Ebbing, Missouri","Crime,Drama",en,"After seven months have passed without a culprit in her daughter's murder case, Mildred Hayes makes a bold move, painting three signs leading into her town with a controversial message directed at Bill Willoughby, the town's revered chief of police. When his second-in-command Officer Jason Dixon, an immature mother's boy with a penchant for violence, gets involved, the battle between Mildred and Ebbing's law enforcement is only exacerbated.",20.944,2017-12-01,8.1,8629
334543,Lion,Drama,en,"A five-year-old Indian boy gets lost on the streets of Calcutta, thousands of kilometers from home. He survives many challenges before being adopted by a couple in Australia; 25 years later, he sets out to find his lost family.",25.744,2016-01-20,8.1,5761
449176,"Love, Simon","Comedy,Drama,Romance",en,Everyone deserves a great love story. But for seventeen-year old Simon Spier it's a little more complicated: he's yet to tell his family or friends he's gay and he doesn't know the identity of the anonymous classmate he's fallen for online.,32.996,2018-02-16,8.1,5423
4348,Pride & Prejudice,"Drama,Romance",en,"A story of love and life among the landed English gentry during the Georgian era. Mr. Bennet is a gentleman living in Hertfordshire with his overbearing wife and five daughters, but if he dies their house will be inherited by a distant cousin whom they have never met, so the family's future happiness and security is dependent on the daughters making good marriages.",55.534,2005-09-16,8.1,6616
515001,Jojo Rabbit,"Comedy,War,Drama",en,"A World War II satire that follows a lonely German boy whose world view is turned upside down when he discovers his single mother is hiding a young Jewish girl in their attic. Aided only by his idiotic imaginary friend, Adolf Hitler, Jojo must confront his blind nationalism.",34.557,2019-10-18,8.1,7588
280,Terminator 2: Judgment Day,"Action,Thriller,Science Fiction",en,"Nearly 10 years have passed since Sarah Connor was targeted for termination by a cyborg from the future. Now her son, John, the future leader of the resistance, is the target for a newer, more deadly terminator. Once again, the resistance has managed to send a protector back to attempt to save John and his mother Sarah.",67.385,1991-07-03,8.1,10522
482321,Ron's Gone Wrong,"Animation,Science Fiction,Family,Comedy",en,"In a world where walking, talking, digitally connected bots have become children's best friends, an 11-year-old finds that his robot buddy doesn't quite work the same as the others do.",224.167,2021-10-15,8.1,1335
522518,A Dog's Journey,"Family,Adventure,Drama",en,A dog finds the meaning of his own existence through the lives of the humans he meets.,61.029,2019-05-03,8.1,1130
339877,Loving Vincent,"Animation,Drama,Mystery,History",en,A young man comes to the last hometown of painter Vincent van Gogh to deliver the troubled artist's final letter and ends up investigating his final days there.,15.079,2017-06-22,8.1,2095
10681,WALL·E,"Animation,Family,Science Fiction",en,"WALL·E is the last robot left on an Earth that has been overrun with garbage and all humans have fled to outer space. For 700 years he has continued to try and clean up the mess, but has developed some rather interesting human-like qualities. When a ship arrives with a sleek new type of robot, WALL·E thinks he's finally found a friend and stows away on the ship when it leaves.",91.446,2008-06-22,8.1,15924
381284,Hidden Figures,"Drama,History",en,"The untold story of Katherine G. Johnson, Dorothy Vaughan and Mary Jackson – brilliant African-American women working at NASA and serving as the brains behind one of the greatest operations in history – the launch of astronaut John Glenn into orbit. The visionary trio crossed all gender and race lines to inspire generations to dream big.",147.925,2016-12-10,8.1,7959
146233,Prisoners,"Drama,Thriller,Crime",en,"Keller Dover faces a parent's worst nightmare when his 6-year-old daughter, Anna, and her friend go missing. The only lead is an old motorhome that had been parked on their street. The head of the investigation, Detective Loki, arrests the driver, but a lack of evidence forces Loki to release his only suspect. Dover, knowing that his daughter's life is at stake, decides that he has no choice but to take matters into his own hands.",43.621,2013-09-18,8.1,9409
522402,Finch,"Science Fiction,Drama,Adventure",en,"On a post-apocalyptic Earth, a robot, built to protect the life of his dying creator's beloved dog, learns about life, love, friendship, and what it means to be human.",194.632,2021-11-04,8.1,2433
264644,Room,"Drama,Thriller",en,"Held captive for 7 years in an enclosed space, a woman and her young son finally gain their freedom, allowing the boy to experience the outside world for the first time.",25.256,2015-10-16,8.1,8079
120467,The Grand Budapest Hotel,"Comedy,Drama",en,"The Grand Budapest Hotel tells of a legendary concierge at a famous European hotel between the wars and his friendship with a young employee who becomes his trusted protégé. The story involves the theft and recovery of a priceless Renaissance painting, the battle for an enormous family fortune and the slow and then sudden upheavals that transformed Europe during the first half of the 20th century.",24.37,2014-02-26,8.1,12464
438695,Sing 2,"Animation,Comedy,Family,Music",en,"Buster and his new cast now have their sights set on debuting a new show at the Crystal Tower Theater in glamorous Redshore City. But with no connections, he and his singers must sneak into the Crystal Entertainment offices, run by the ruthless wolf mogul Jimmy Crystal, where the gang pitches the ridiculous idea of casting the lion rock legend Clay Calloway in their show. Buster must embark on a quest to find the now-isolated Clay and persuade him to return to the stage.",545.619,2021-12-01,8.1,2986
400928,Gifted,"Drama,Comedy",en,"Frank, a single man raising his child prodigy niece Mary, is drawn into a custody battle with his mother.",51.986,2017-04-12,8.1,4444
634649,Spider-Man: No Way Home,"Action,Adventure,Science Fiction",en,"Peter Parker is unmasked and no longer able to separate his normal life from the high-stakes of being a super-hero. When he asks for help from Doctor Strange the stakes become even more dangerous, forcing him to discover what it truly means to be Spider-Man.",1713.86,2021-12-15,8.1,14327
110416,Song of the Sea,"Family,Animation,Fantasy",en,"The story of the last Seal Child’s journey home. After their mother’s disappearance, Ben and Saoirse are sent to live with Granny in the city. When they resolve to return to their home by the sea, their journey becomes a race against time as they are drawn into a world Ben knows only from his mother’s folktales. But this is no bedtime story; these fairy folk have been in our world far too long. It soon becomes clear to Ben that Saoirse is the key to their survival.",10.578,2014-09-06,8.0,1131
776503,CODA,"Drama,Music,Romance",en,"As a CODA (Child of Deaf Adults), Ruby is the only hearing person in her deaf family. When the family's fishing business is threatened, Ruby finds herself torn between pursuing her love of music and her fear of abandoning her parents.",46.461,2021-08-11,8.0,1423
641,Requiem for a Dream,"Crime,Drama",en,The hopes and dreams of four ambitious people are shattered when their drug addictions begin spiraling out of control. A look into addiction and how it overcomes the mind and body.,14.696,2000-10-06,8.0,8213
14,American Beauty,Drama,en,"Lester Burnham, a depressed suburban father in a mid-life crisis, decides to turn his hectic life around after developing an infatuation with his daughter's attractive friend.",20.94,1999-09-15,8.0,10357
106646,The Wolf of Wall Street,"Crime,Drama,Comedy",en,"A New York stockbroker refuses to cooperate in a large securities fraud case involving corruption on Wall Street, corporate banking world and mob infiltration. Based on Jordan Belfort's autobiography.",182.109,2013-12-25,8.0,20064
673,Harry Potter and the Prisoner of Azkaban,"Adventure,Fantasy",en,"Year three at Hogwarts means new fun and challenges as Harry learns the delicate art of approaching a Hippogriff, transforming shape-shifting Boggarts into hilarity and even turning back time. But the term also brings danger: soul-sucking Dementors hover over the school, an ally of the accursed He-Who-Cannot-Be-Named lurks within the castle walls, and fearsome wizard Sirius Black escapes Azkaban. And Harry will confront them all.",269.516,2004-05-31,8.0,18178
424694,Bohemian Rhapsody,"Music,Drama,History",en,"Singer Freddie Mercury, guitarist Brian May, drummer Roger Taylor and bass guitarist John Deacon take the music world by storm when they form the rock 'n' roll band Queen in 1970. Hit songs become instant classics. When Mercury's increasingly wild lifestyle starts to spiral out of control, Queen soon faces its greatest challenge yet – finding a way to keep the band together amid the success and excess.",79.323,2018-10-24,8.0,14853
205596,The Imitation Game,"History,Drama,Thriller,War",en,"Based on the real life story of legendary cryptanalyst Alan Turing, the film portrays the nail-biting race against time by Turing and his brilliant team of code-breakers at Britain's top-secret Government Code and Cypher School at Bletchley Park, during the darkest days of World War II.",79.903,2014-11-14,8.0,14808
524,Casino,"Crime,Drama",en,"In early-1970s Las Vegas, low-level mobster Sam ""Ace"" Rothstein gets tapped by his bosses to head the Tangiers Casino. At first, he's a great success in the job, but over the years, problems with his loose-cannon enforcer Nicky Santoro, his ex-hustler wife Ginger, her con-artist ex Lester Diamond and a handful of corrupt politicians put Sam in ever-increasing danger.",20.493,1995-11-22,8.0,4582
501929,The Mitchells vs. the Machines,"Animation,Adventure,Comedy",en,"A quirky, dysfunctional family's road trip is upended when they find themselves in the middle of the robot apocalypse and suddenly become humanity's unlikeliest last hope.",35.807,2021-04-22,8.0,2046
28178,Hachi: A Dog's Tale,"Drama,Family",en,A drama based on the true story of a college professor's bond with the abandoned dog he takes into his home.,46.039,2009-06-08,8.0,5699
140420,Paperman,"Animation,Family,Romance",en,An urban office worker finds that paper airplanes are instrumental in meeting a girl in ways he never expected.,8.007,2012-11-02,8.0,1506
13223,Gran Torino,Drama,en,"Disgruntled Korean War veteran Walt Kowalski sets out to reform his neighbor, Thao Lor, a Hmong teenager who tried to steal Kowalski's prized possession: a 1972 Gran Torino.",30.877,2008-12-09,8.0,9109
359724,Ford v Ferrari,"Drama,Action,History",en,"American car designer Carroll Shelby and the British-born driver Ken Miles work together to battle corporate interference, the laws of physics, and their own personal demons to build a revolutionary race car for Ford Motor Company and take on the dominating race cars of Enzo Ferrari at the 24 Hours of Le Mans in France in 1966.",51.999,2019-11-13,8.0,5850
527774,Raya and the Last Dragon,"Animation,Family,Fantasy,Action,Adventure",en,"Long ago, in the fantasy world of Kumandra, humans and dragons lived together in harmony. But when an evil force threatened the land, the dragons sacrificed themselves to save humanity. Now, 500 years later, that same evil has returned and it’s up to a lone warrior, Raya, to track down the legendary last dragon to restore the fractured land and its divided people.",221.83,2021-03-03,8.0,5452
142061,"Batman: The Dark Knight Returns, Part 2","Science Fiction,Action,Animation,Mystery",en,Batman has stopped the reign of terror that The Mutants had cast upon his city.  Now an old foe wants a reunion and the government wants The Man of Steel to put a stop to Batman.,17.253,2013-01-03,8.0,1156
627,Trainspotting,"Drama,Crime",en,"Heroin addict Mark Renton stumbles through bad ideas and sobriety attempts with his unreliable friends -- Sick Boy, Begbie, Spud and Tommy. He also has an underage girlfriend, Diane, along for the ride. After cleaning up and moving from Edinburgh to London, Mark finds he can't escape the life he left behind when Begbie shows up at his front door on the lam, and a scheming Sick Boy follows.",25.467,1996-02-23,8.0,8266
530915,1917,"War,Drama,Action,Thriller,History",en,"At the height of the First World War, two young British soldiers must cross enemy territory and deliver a message that will stop a deadly attack on hundreds of soldiers.",41.834,2019-12-25,8.0,9935
24,Kill Bill: Vol. 1,"Action,Crime",en,"An assassin is shot by her ruthless employer, Bill, and other members of their assassination circle – but she lives to plot her vengeance.",42.467,2003-10-10,8.0,14823
862,Toy Story,"Animation,Adventure,Family,Comedy",en,"Led by Woody, Andy's toys live happily in his room until Andy's birthday brings Buzz Lightyear onto the scene. Afraid of losing his place in Andy's heart, Woody plots against Buzz. But when circumstances separate Buzz and Woody from their owner, the duo eventually learns to put aside their differences.",218.376,1995-10-30,8.0,15623
70,Million Dollar Baby,Drama,en,"Despondent over a painful estrangement from his daughter, trainer Frankie Dunn isn't prepared for boxer Maggie Fitzgerald to enter his life. But Maggie's determined to go pro and to convince Dunn and his cohort to help her.",20.343,2004-12-15,8.0,8068
76,Before Sunrise,"Drama,Romance",en,"On his way to Vienna, American Jesse meets Céline, a student returning to Paris. After long conversations forge a surprising connection between them, Jesse convinces Celine to get off the train with him in Vienna. Since his flight to the U.S. departs the next morning and he has no money for lodging, they wander the city together, taking in the experiences of Vienna and each other.",18.804,1995-01-27,8.0,3218
588228,The Tomorrow War,"Action,Science Fiction,Adventure",en,"The world is stunned when a group of time travelers arrive from the year 2051 to deliver an urgent message: Thirty years in the future, mankind is losing a global war against a deadly alien species. The only hope for survival is for soldiers and civilians from the present to be transported to the future and join the fight. Among those recruited is high school teacher and family man Dan Forester. Determined to save the world for his young daughter, Dan teams up with a brilliant scientist and his estranged father in a desperate quest to rewrite the fate of the planet.",256.603,2021-07-02,8.0,5625
640,Catch Me If You Can,"Drama,Crime",en,"A true story about Frank Abagnale Jr. who, before his 19th birthday, successfully conned millions of dollars worth of checks as a Pan Am pilot, doctor, and legal prosecutor. An FBI agent makes it his mission to put him behind bars. But Frank not only eludes capture, he revels in the pursuit.",45.878,2002-12-25,8.0,12740
76203,12 Years a Slave,"Drama,History",en,"In the pre-Civil War United States, Solomon Northup, a free black man from upstate New York, is abducted and sold into slavery. Facing cruelty as well as unexpected kindnesses Solomon struggles not only to stay alive, but to retain his dignity. In the twelfth year of his unforgettable odyssey, Solomon’s chance meeting with a Canadian abolitionist will forever alter his life.",44.917,2013-10-18,8.0,9777
756999,The Black Phone,"Horror,Thriller",en,"Finney Shaw, a shy but clever 13-year-old boy, is abducted by a sadistic killer and trapped in a soundproof basement where screaming is of little use. When a disconnected phone on the wall begins to ring, Finney discovers that he can hear the voices of the killer’s previous victims. And they are dead set on making sure that what happened to them doesn’t happen to Finney.",5278.336,2022-06-22,8.0,1101
